"시점",총지수,식료품 및 비주류음료,식료품 및 비주류음료,식료품 및 비주류음료,주류·담배,주류·담배,주류·담배,의복·신발,의복·신발,의복·신발,주택·수도·전기 및 연료,주택·수도·전기 및 연료,주택·수도·전기 및 연료,주택·수도·전기 및 연료,주택·수도·전기 및 연료,가정용품 및 가사서비스,가정용품 및 가사서비스,가정용품 및 가사서비스,가정용품 및 가사서비스,가정용품 및 가사서비스,가정용품 및 가사서비스,가정용품 및 가사서비스,보건,보건,보건,보건,교통,교통,교통,교통,통신,통신,통신,통신,오락 및 문화,오락 및 문화,오락 및 문화,오락 및 문화,오락 및 문화,오락 및 문화,오락 및 문화,교육,교육,교육,교육,음식 및 숙박,음식 및 숙박,음식 및 숙박,기타 상품 및 서비스,기타 상품 및 서비스,기타 상품 및 서비스,기타 상품 및 서비스
"시점",소계,소계,식료품,비주류음료,소계,주류,담배,소계,의류,신발,소계,주택임차료,주거시설 유지·보수,수도 및 주거관련 서비스,전기가스 및 기타연료,소계,가구·가사비품 및 카페트,가정용 섬유제품,가정용 기기,주방용품 및 가정용품,가정·정원용 공구 및 장비,일상 생활용품 및 가사서비스,소계,의료용품 및 장비,외래환자 서비스,병원서비스,소계,운송장비,개인운송장비 운영,운송서비스,소계,우편서비스,전화 및 팩스장비,전화 및 팩스서비스,소계,음향·영상·사진 및 정보처리 장비,기타 오락 및 문화용 주요내구재,기타 오락용품·조경용품 및 애완동물,오락 및 문화서비스,신문·서적 및 문방구,단체여행,소계,유치원 및 초등교육,고등교육,기타교육,소계,음식서비스,숙박서비스,소계,미용용품 및 미용서비스,기타 개인용품,기타 서비스
"2019. 01",98.76,94.92,94.59,99.99,98.70,96.43,100.00,98.31,99.00,94.00,98.67,99.20,94.86,93.11,102.02,98.50,99.17,95.86,100.77,95.03,99.97,96.40,98.18,97.53,98.03,100.44,99.10,99.42,101.34,96.89,103.29,89.64,99.44,104.25,100.76,103.56,105.28,99.33,98.34,99.99,103.38,101.96,100.34,100.74,97.02,98.80,98.97,94.48,97.16,98.05,97.86,95.57
"2019. 02",99.26,95.56,95.27,99.67,98.55,96.01,100.00,98.90,98.99,98.32,99.68,99.23,95.19,100.89,102.01,99.74,100.59,95.52,102.05,99.18,100.21,97.32,98.27,97.89,98.03,100.10,99.51,99.27,100.33,98.93,102.43,89.64,96.91,103.78,101.63,103.24,104.64,100.69,98.66,100.38,105.29,102.04,100.34,100.74,97.14,98.86,99.06,94.14,97.73,98.83,98.54,95.79
"2019. 03",99.06,94.69,94.32,100.17,98.28,95.24,100.00,98.93,99.01,98.34,99.54,99.23,95.66,99.61,102.00,99.81,100.59,96.37,101.99,96.44,100.20,98.09,98.24,97.86,97.98,100.10,99.72,99.07,100.92,99.04,102.14,89.64,96.91,103.44,100.82,102.37,104.28,100.55,98.83,100.32,102.82,102.34,102.51,100.51,97.48,98.54,98.78,92.67,97.85,99.20,97.80,95.91
"2019. 04",99.44,95.85,95.60,99.76,99.16,97.69,100.00,98.79,98.86,98.34,99.35,99.23,96.30,97.89,102.02,100.56,100.42,97.09,103.05,99.82,100.25,98.63,98.33,98.36,97.77,100.10,100.82,99.46,103.26,99.48,102.43,89.64,99.42,103.18,102.00,103.50,103.62,98.36,99.16,100.57,106.77,102.37,102.51,100.51,97.54,98.75,99.00,92.66,98.18,99.12,99.48,96.29
"2019. 05",99.49,95.28,95.02,99.21,99.52,98.67,100.00,98.92,99.01,98.34,99.42,99.23,97.03,98.26,102.02,99.50,96.65,97.09,102.07,100.36,100.12,98.64,98.38,98.46,97.77,100.07,102.30,99.30,107.43,99.59,102.22,100.00,99.42,102.89,101.45,104.29,104.38,97.29,99.16,100.67,105.09,102.41,102.51,100.51,97.58,98.85,99.07,93.84,98.49,99.75,99.31,96.30
"2019. 06",99.36,94.49,94.15,99.59,99.81,99.48,100.00,99.04,99.01,99.11,99.35,99.19,97.23,97.80,102.03,99.27,96.54,97.12,101.74,99.25,99.47,98.63,98.68,99.29,97.77,100.07,102.55,99.01,108.12,99.77,102.05,100.00,99.42,102.69,100.33,104.06,103.75,94.91,99.25,100.90,102.28,102.55,102.51,100.51,97.78,98.98,99.19,93.65,98.32,99.45,98.65,96.52
"2019. 07",99.11,93.18,92.71,100.07,99.71,99.22,100.00,99.03,99.00,99.10,98.52,99.23,97.58,97.39,96.35,100.23,100.68,97.25,101.71,99.31,97.71,99.44,98.41,98.68,97.76,99.79,102.32,99.30,106.55,100.46,101.62,100.00,97.60,102.59,102.21,103.28,100.49,95.57,99.28,100.99,108.45,102.49,102.51,100.51,97.70,99.13,99.23,96.94,98.37,99.49,98.84,96.52
"2019. 08",99.39,94.37,93.97,100.41,99.78,99.41,100.00,99.03,99.00,99.10,98.56,99.23,97.68,97.50,96.50,100.07,100.39,97.25,100.81,101.59,97.78,99.60,98.47,98.85,97.76,99.79,102.49,98.81,106.57,101.16,102.01,100.00,100.06,102.48,103.22,101.72,100.41,95.79,99.23,100.90,112.29,102.51,102.51,100.51,97.73,99.39,99.30,101.46,98.31,99.39,98.79,96.55
"2019. 09",99.73,97.25,97.02,100.71,100.14,100.38,100.00,99.06,99.00,99.37,99.60,99.24,97.77,97.10,104.05,99.68,100.18,97.25,100.47,96.00,98.14,100.02,98.60,99.29,97.82,99.37,102.54,98.47,108.29,99.94,102.29,100.00,101.86,102.39,101.89,100.52,97.47,97.28,99.22,101.00,107.78,100.72,102.51,100.51,97.87,99.23,99.36,96.07,98.24,98.57,101.10,96.55
"2019. 10",99.95,97.54,97.25,101.82,100.21,100.60,100.00,99.25,99.23,99.37,99.82,99.32,98.75,98.09,104.05,100.42,100.01,96.91,101.78,102.11,97.86,99.92,98.63,99.33,97.84,99.37,102.59,98.52,108.72,99.68,102.23,100.00,101.86,102.31,102.41,101.90,99.86,98.61,99.28,100.79,108.46,101.11,102.51,100.51,98.44,99.30,99.43,96.08,98.40,98.86,100.95,96.66
"2019. 11",99.42,94.86,94.56,99.44,100.03,100.08,100.00,99.82,99.90,99.37,99.83,99.38,98.74,97.84,104.05,99.70,100.24,98.45,101.14,95.20,99.99,98.79,98.60,99.34,97.84,99.14,102.02,97.40,108.06,99.51,101.43,100.00,98.24,102.20,100.41,102.07,99.26,98.83,99.29,101.14,101.61,101.26,102.51,100.51,98.65,99.35,99.50,95.70,98.47,98.97,100.94,96.66
"2019. 12",99.61,95.99,95.82,98.26,100.02,100.05,100.00,99.83,99.91,99.37,99.93,99.41,98.83,98.42,104.05,100.05,100.15,98.80,100.74,101.60,99.99,99.07,98.65,99.48,97.84,99.14,102.31,98.21,108.30,99.54,101.38,100.00,98.24,102.13,99.47,102.40,98.89,99.09,99.48,101.06,98.17,101.33,102.51,100.51,98.75,99.61,99.71,97.07,98.39,98.95,100.58,96.66
"2020. 01",99.80,97.12,96.90,99.98,100.25,100.60,100.00,99.57,99.82,98.08,99.86,99.48,99.44,97.92,104.09,99.63,99.27,98.99,100.27,98.31,98.71,99.69,100.47,100.83,99.92,101.24,103.57,100.20,108.55,100.04,100.82,100.00,96.36,102.04,99.99,100.96,99.78,99.89,99.72,100.17,99.26,99.72,102.50,100.48,99.42,99.73,99.63,102.29,99.45,99.60,100.58,98.87
"2020. 02",99.84,96.59,96.45,98.49,100.18,100.43,100.00,99.72,99.82,99.12,100.22,99.56,99.24,100.33,104.11,100.35,100.08,98.84,100.97,103.41,99.08,99.32,100.36,101.17,99.92,99.56,103.60,101.51,108.05,99.85,100.77,100.00,96.36,101.99,99.79,100.13,99.60,100.25,99.81,100.24,96.62,99.85,102.50,100.48,99.60,99.55,99.56,99.33,99.83,99.81,100.59,99.61
"2020. 03",99.83,98.24,98.13,99.63,99.87,99.69,100.00,99.76,99.87,99.10,100.31,99.65,99.44,100.43,104.10,99.72,100.09,98.84,99.96,99.54,99.34,99.50,100.36,101.05,99.86,100.06,101.28,98.60,104.27,99.57,100.73,100.00,96.36,101.94,99.28,99.36,100.28,99.01,99.83,99.92,95.15,99.94,102.50,100.10,99.81,99.42,99.55,96.18,99.86,99.77,100.95,99.61
"2020. 04",99.61,98.00,97.79,100.68,99.76,99.42,100.00,99.36,99.85,96.36,100.29,99.73,99.54,99.92,104.05,99.82,99.50,98.84,100.23,100.58,99.07,99.58,100.41,101.07,99.95,100.06,98.79,98.57,98.24,99.56,101.33,100.00,99.36,101.87,99.72,99.36,98.71,99.43,99.79,100.02,100.54,99.99,102.50,100.10,99.87,99.51,99.63,96.76,99.32,98.95,98.00,100.26
"2020. 05",99.65,98.45,98.27,100.83,99.90,99.76,100.00,99.94,100.04,99.32,100.19,99.87,99.54,98.33,104.01,100.25,100.09,98.84,99.93,103.97,98.61,100.22,100.45,101.11,100.02,100.06,97.12,98.84,93.99,99.58,101.28,100.00,99.36,101.81,100.15,101.44,97.95,100.35,99.57,100.09,100.37,99.88,98.75,100.10,99.86,99.74,99.79,98.65,99.81,99.41,100.14,100.24
"2020. 06",99.91,99.18,99.07,100.61,100.00,99.99,100.00,99.95,100.05,99.32,100.31,99.93,99.74,98.87,104.04,99.68,99.51,101.29,100.22,95.87,98.77,100.01,100.85,102.12,100.02,100.06,98.22,98.88,96.61,99.63,101.84,100.00,102.22,101.74,99.96,101.04,97.61,99.96,100.00,100.05,97.15,99.90,98.75,100.10,99.89,99.83,99.90,97.99,100.04,100.06,99.30,100.25
"2020. 07",99.74,99.63,99.55,100.63,100.03,100.06,100.00,100.25,100.05,101.45,98.81,100.01,100.08,99.56,90.91,99.83,99.58,101.03,99.96,99.29,99.41,99.77,99.90,99.72,100.00,100.06,99.71,101.01,98.69,100.02,101.75,100.00,102.22,101.63,100.27,100.19,100.65,99.94,100.09,99.88,103.22,99.90,98.75,100.10,99.88,100.11,99.95,104.00,100.05,99.91,100.02,100.25
"2020. 08",100.27,102.16,102.39,99.19,99.97,99.92,100.00,100.25,100.06,101.45,99.07,100.13,100.28,100.92,90.91,100.20,100.07,100.79,99.87,102.64,99.12,100.01,99.68,99.08,100.07,100.06,100.05,100.76,99.13,100.66,101.69,100.00,102.22,101.54,100.78,99.62,101.30,99.87,100.43,99.83,110.30,99.97,98.75,100.10,99.98,100.42,99.99,110.82,100.10,100.05,99.80,100.26
"2020. 09",100.70,104.47,104.86,99.39,100.06,100.15,100.00,100.29,100.10,101.45,99.99,100.21,100.48,100.19,98.44,99.62,100.60,100.70,98.82,97.34,100.48,100.38,99.29,98.21,100.07,99.71,99.63,100.27,98.79,100.19,101.61,100.00,102.22,101.45,100.02,99.11,101.16,100.36,99.89,100.03,102.09,100.06,98.75,99.61,100.22,100.19,100.24,98.92,100.93,101.36,101.22,100.26
"2020. 10",100.23,104.53,104.83,100.56,100.12,100.30,100.00,100.19,99.98,101.45,100.27,100.33,100.73,101.69,98.44,100.50,99.95,100.70,99.93,102.75,100.67,100.86,99.52,98.74,100.12,99.71,99.45,100.76,98.03,100.24,87.58,100.00,101.29,83.77,100.39,100.37,100.92,100.55,99.85,99.84,104.36,100.11,98.75,99.61,100.29,100.54,100.61,98.85,100.14,100.33,99.42,100.13
"2020. 11",100.14,100.88,100.89,100.73,99.94,99.86,100.00,100.32,100.14,101.45,100.27,100.48,100.73,100.77,98.43,100.05,101.18,100.70,99.68,97.09,101.39,100.36,99.41,98.57,100.03,99.72,99.03,100.61,97.08,100.23,99.86,100.00,101.29,99.47,99.87,99.26,101.11,100.48,100.50,99.79,95.50,100.32,98.75,99.61,100.56,100.35,100.48,97.00,100.26,100.16,101.04,100.13
"2020. 12",100.27,100.75,100.86,99.26,99.92,99.82,100.00,100.40,100.23,101.45,100.40,100.61,100.73,101.08,98.46,100.36,100.10,100.45,100.16,99.21,105.37,100.32,99.31,98.32,100.03,99.72,99.56,99.98,98.57,100.43,100.75,100.00,100.76,100.75,99.78,99.14,100.96,99.90,100.54,100.14,95.43,100.35,98.75,99.61,100.60,100.60,100.65,99.23,100.20,100.59,98.92,100.13
"2021. 01",100.86,102.79,103.00,100.04,100.14,100.33,100.00,100.26,100.22,100.55,100.34,100.72,100.73,101.02,97.39,100.92,100.54,100.45,100.98,100.60,105.31,100.54,100.17,98.25,101.49,101.17,101.17,100.72,101.88,100.63,99.30,100.00,93.74,100.83,99.99,98.96,99.70,100.18,100.61,100.15,97.88,100.57,98.75,99.61,100.89,101.03,101.17,97.65,101.42,100.93,99.63,102.66
"2021. 02",101.33,105.05,105.45,99.68,100.22,100.53,100.00,100.34,100.15,101.46,100.76,100.87,100.91,103.41,97.39,100.63,99.93,100.96,100.30,100.49,105.50,100.71,100.14,98.18,101.49,101.19,101.74,100.68,103.27,100.68,99.34,100.00,93.60,100.91,99.95,99.42,98.76,100.39,100.43,100.04,96.84,100.71,98.75,99.61,101.07,101.18,101.30,98.24,101.11,100.47,98.92,102.69
"2021. 03",101.57,105.33,105.59,101.89,99.91,99.78,100.00,100.37,100.19,101.47,101.11,101.08,101.71,104.75,97.43,100.05,98.35,100.96,99.52,99.67,105.46,100.83,100.22,98.37,101.49,101.16,102.82,101.61,105.49,100.53,99.40,100.00,93.60,101.00,99.74,98.87,99.32,100.08,100.75,100.03,94.06,100.85,96.98,99.75,101.27,101.52,101.77,95.44,101.36,100.58,100.10,102.81
"2021. 04",101.68,104.87,105.12,101.50,100.85,102.04,100.00,100.32,100.30,100.40,101.07,101.23,103.05,103.34,97.42,100.16,98.51,100.96,99.76,98.53,105.73,101.13,99.99,98.37,101.53,99.45,103.39,101.56,106.73,100.74,99.41,100.00,93.60,101.00,100.38,99.48,101.43,99.73,100.91,99.92,101.90,100.95,96.98,99.75,101.40,102.07,102.28,97.01,101.97,101.18,98.73,104.10
"2021. 05",101.74,104.69,104.88,102.15,100.82,101.98,100.00,100.45,100.29,101.46,101.32,101.37,104.05,104.24,97.45,100.97,100.96,101.12,99.56,103.31,105.40,101.40,99.68,97.57,101.53,99.45,103.37,101.15,106.86,100.79,98.99,100.00,91.75,100.97,100.45,98.72,100.78,99.17,101.12,100.26,104.63,100.93,96.98,99.75,101.38,102.22,102.38,98.54,101.98,100.95,99.60,104.13
"2021. 06",101.68,104.08,104.24,102.01,100.82,101.97,100.00,100.46,100.29,101.48,101.33,101.45,104.99,103.65,97.45,100.94,102.15,101.20,99.17,99.95,106.36,101.91,99.63,97.41,101.56,99.45,104.09,101.17,108.54,100.88,98.98,100.00,91.75,100.96,99.82,97.56,100.56,99.41,101.26,99.76,97.63,101.06,96.98,99.75,101.54,102.42,102.62,97.49,101.61,100.09,99.56,104.31
"2021. 07",101.88,104.33,104.42,103.13,100.82,101.98,100.00,100.45,100.28,101.48,100.75,101.56,105.93,104.63,91.01,101.84,105.73,101.20,99.64,99.24,106.38,102.55,99.79,97.82,101.56,99.45,105.28,101.45,110.82,101.39,98.97,100.00,91.75,100.96,100.82,97.55,100.77,99.07,102.12,100.44,106.68,101.13,96.98,99.75,101.64,103.09,102.97,106.20,101.53,99.87,99.86,104.27
"2021. 08",102.33,105.82,106.04,102.82,100.95,102.27,100.00,100.49,100.32,101.50,101.00,101.75,106.14,105.52,91.05,102.35,106.13,101.20,99.59,101.15,106.68,103.61,99.75,97.71,101.56,99.45,106.03,101.51,112.42,101.60,98.99,100.00,91.75,100.97,101.33,97.60,102.15,98.79,102.26,100.47,113.88,101.25,96.98,99.75,101.79,103.33,102.99,111.66,101.81,100.35,100.17,104.27
"2021. 09",102.67,107.42,107.65,104.38,100.98,102.35,100.00,100.50,100.33,101.53,101.98,101.96,106.47,104.42,98.57,102.31,109.76,101.20,99.31,95.48,106.86,103.27,99.51,97.69,101.56,97.84,105.65,101.29,111.98,101.22,99.00,109.99,91.75,100.96,100.63,97.55,102.73,99.77,101.69,100.52,104.20,101.34,96.98,99.75,101.91,103.21,103.28,101.40,101.59,100.49,97.91,104.27
"2021. 10",102.90,106.66,106.89,103.62,100.97,102.33,100.00,100.61,100.67,100.26,102.56,102.19,106.77,106.41,99.79,103.24,109.93,101.20,99.71,100.35,106.42,104.59,99.42,97.46,101.56,97.84,106.89,102.46,114.50,101.01,98.53,109.99,89.52,100.97,100.66,97.97,103.37,99.92,101.67,100.74,102.81,101.43,96.98,99.75,102.03,103.70,103.79,101.42,101.80,101.45,98.04,103.53
"2021. 11",103.20,106.78,106.98,104.09,100.85,102.04,100.00,101.79,101.77,101.94,102.64,102.51,107.43,105.12,99.82,103.40,110.80,101.20,99.84,100.33,106.55,104.47,99.55,97.81,101.55,97.84,108.42,102.59,118.09,101.09,99.69,109.99,94.85,100.99,100.41,97.72,103.08,99.90,101.96,100.61,98.17,101.41,96.98,99.75,102.00,104.14,104.36,98.77,101.27,100.35,98.10,103.53
"2021. 12",103.32,106.82,106.96,104.85,100.74,101.77,100.00,101.87,101.84,102.11,102.85,102.68,107.72,105.63,99.89,104.14,111.92,101.05,99.74,105.45,107.96,104.85,99.51,97.71,101.55,97.84,106.83,103.33,113.60,101.32,99.70,109.99,94.85,101.01,100.88,98.23,103.76,100.87,101.98,101.28,99.57,101.45,96.98,99.75,102.05,104.81,104.93,101.92,102.28,102.02,99.43,103.58
"2022. 01",104.09,108.36,108.56,105.67,101.04,102.73,100.00,102.19,102.09,102.71,103.33,102.79,108.08,107.43,100.12,104.30,113.44,101.74,99.55,102.63,109.71,105.14,100.60,97.77,103.51,99.78,106.66,104.07,113.05,100.52,99.71,109.99,94.95,101.00,101.45,97.49,103.51,101.70,102.27,102.11,107.01,101.79,96.97,99.75,102.54,105.86,105.95,103.15,104.30,102.75,98.35,108.75
"2022. 02",104.70,109.05,109.19,107.27,101.75,104.35,100.00,102.32,102.12,103.42,104.07,102.93,108.80,112.41,100.14,104.66,112.19,101.84,99.48,106.89,110.06,105.86,100.60,97.78,103.52,99.68,107.89,104.22,116.18,100.47,99.73,109.99,94.95,101.01,100.89,97.44,99.57,101.98,102.59,102.29,103.00,102.11,96.97,99.75,102.93,106.95,107.24,100.91,106.11,105.90,99.27,108.81
"2022. 03",105.09,109.18,109.36,106.90,102.55,106.16,100.00,102.39,102.19,103.47,103.94,103.01,109.92,110.61,100.20,103.79,112.43,95.78,99.08,104.90,110.95,104.88,100.30,97.57,103.52,97.30,112.11,104.29,126.60,100.86,99.51,109.99,94.05,101.00,101.45,97.33,100.50,104.05,103.02,102.21,102.73,102.26,78.40,99.14,103.91,107.63,108.10,98.31,105.94,105.32,100.17,108.84
"2022. 04",105.73,109.87,109.85,110.35,102.80,106.74,100.00,102.37,102.27,102.96,104.52,103.09,112.18,110.14,104.54,105.79,114.42,101.80,100.10,111.12,111.36,106.17,100.52,97.98,103.59,97.36,113.83,103.87,130.09,101.92,99.78,109.99,94.17,101.31,102.46,96.71,101.01,103.60,103.37,102.57,109.70,102.50,78.40,99.14,104.22,108.38,108.80,99.88,105.56,104.58,100.51,108.66
"2022. 05",106.29,110.88,110.98,109.57,103.30,107.87,100.00,103.54,103.56,103.53,104.83,103.22,113.03,108.40,108.19,106.25,111.07,101.80,100.11,112.71,111.21,109.68,100.53,97.89,103.69,97.36,114.46,104.57,130.51,102.68,99.78,109.99,94.17,101.32,102.57,96.62,101.00,102.19,103.95,102.46,110.79,102.55,78.40,99.14,104.28,109.36,109.71,102.10,107.38,106.68,101.33,110.52
"2022. 06",106.85,110.74,110.80,110.04,103.18,107.60,100.00,103.54,103.54,103.57,105.19,103.25,114.28,110.75,108.24,106.51,110.98,107.94,99.92,112.31,110.65,109.77,100.56,97.97,103.69,97.36,117.61,105.06,137.45,103.56,99.80,109.99,94.17,101.35,103.45,96.71,102.37,104.59,104.15,103.70,111.95,102.83,78.40,99.14,104.64,110.13,110.50,102.52,108.47,108.69,101.32,110.63
"2022. 07",107.47,112.93,113.17,109.80,103.27,107.79,100.00,103.69,103.65,103.97,105.19,103.35,115.04,110.38,107.74,106.93,111.22,107.95,100.21,112.55,111.41,110.61,100.54,97.92,103.69,97.36,117.97,105.40,136.86,104.77,99.83,109.99,94.17,101.38,104.57,96.67,102.07,103.88,105.29,103.80,117.63,102.98,78.40,99.14,104.83,111.50,111.28,114.16,108.99,109.67,101.33,110.63
"2022. 08",107.65,114.22,114.65,108.42,103.46,108.24,100.00,103.83,103.80,103.97,105.53,103.49,115.46,112.24,107.75,107.37,111.84,110.58,99.95,114.49,111.86,110.84,100.68,98.21,103.72,97.36,113.99,105.58,125.90,105.35,99.84,109.99,94.17,101.39,105.43,96.22,103.95,103.52,106.34,103.80,120.86,103.21,78.40,99.14,105.13,112.50,112.00,119.85,109.06,109.77,101.33,110.70
"2022. 09",107.78,115.27,115.69,109.63,103.14,107.51,100.00,103.80,103.76,104.05,106.44,103.60,115.92,111.75,115.39,106.92,114.15,110.59,99.83,107.15,111.44,110.34,100.37,97.72,103.54,97.36,112.01,105.67,122.97,103.30,100.12,109.99,95.25,101.44,104.41,95.24,103.80,104.69,105.92,103.88,114.07,103.28,78.40,99.15,105.20,112.58,112.82,107.22,109.48,110.42,101.73,110.73
"2022. 10",108.12,113.56,113.82,110.19,103.27,107.81,100.00,103.90,103.96,103.65,108.13,103.70,116.41,113.33,127.70,107.58,110.95,110.59,100.89,112.52,111.41,111.69,100.85,98.81,103.54,97.31,111.84,106.98,122.06,103.15,100.96,109.99,98.87,101.46,104.43,95.35,103.70,105.10,105.97,104.13,113.20,103.30,78.40,99.15,105.23,112.88,113.05,108.72,109.75,110.86,102.00,110.73
"2022. 11",108.00,111.22,111.33,109.89,103.20,107.63,100.00,106.85,106.98,106.21,108.03,103.84,116.41,111.79,127.70,108.09,114.01,110.59,100.91,107.83,112.46,112.97,100.83,98.73,103.56,97.30,111.62,107.17,122.00,102.60,100.96,109.99,98.87,101.46,104.39,95.64,103.85,105.90,106.05,104.21,111.34,103.30,78.40,99.15,105.24,113.00,113.29,106.62,110.28,111.87,102.00,110.73
"2022. 12",108.46,112.71,112.80,111.53,103.48,108.29,100.00,107.15,107.10,107.46,108.25,103.91,116.91,113.00,127.71,108.73,114.11,110.59,100.56,112.91,111.51,114.25,100.67,98.65,103.30,97.30,110.60,106.20,118.67,103.68,100.96,109.99,98.87,101.47,105.42,98.68,103.33,106.06,106.68,104.75,113.94,103.59,78.40,99.15,105.60,113.85,114.00,110.11,111.43,113.56,103.89,110.73
"2023. 01",109.22,114.53,114.63,113.23,103.10,107.41,100.00,107.43,107.43,107.50,109.24,103.99,117.38,115.35,133.16,109.82,117.88,110.59,102.26,107.94,111.39,115.27,101.81,99.00,105.09,99.02,109.98,106.18,117.04,103.72,100.96,109.99,98.87,101.47,106.14,98.51,101.71,107.78,107.15,105.79,115.44,103.89,78.40,99.15,105.97,114.28,114.42,110.65,113.10,114.14,104.65,114.51
"2023. 02",109.60,114.89,114.71,117.43,103.75,108.90,100.00,107.51,107.50,107.67,109.72,103.98,117.55,119.23,133.15,110.85,117.39,110.59,102.59,117.48,112.44,115.62,102.02,99.41,105.16,99.03,109.91,105.06,115.38,105.61,100.97,109.99,98.87,101.48,106.15,98.42,103.41,108.51,107.33,105.86,113.47,104.20,78.40,99.15,106.38,115.13,115.57,106.33,113.36,114.24,105.64,114.68
"2023. 03",109.77,115.65,115.38,119.45,103.79,108.99,100.00,107.87,107.50,109.88,109.37,103.92,117.55,116.87,133.14,111.13,118.73,110.59,102.39,113.94,112.44,117.28,102.06,99.42,105.22,99.05,109.44,104.96,114.53,105.32,100.99,109.99,98.87,101.50,106.44,99.03,104.30,109.33,107.57,105.94,112.84,104.85,82.80,99.39,106.99,115.62,116.10,105.94,113.94,114.86,106.82,114.91
"2023. 04",109.94,114.89,114.53,119.94,103.82,109.05,100.00,107.87,107.50,109.88,109.42,103.90,117.66,117.27,133.14,112.08,119.83,110.59,103.14,113.69,112.79,119.21,101.64,98.44,105.23,99.06,109.90,105.50,116.13,104.69,101.00,109.99,98.87,101.51,106.98,100.16,104.22,108.12,108.17,106.50,115.30,104.84,82.80,99.39,106.97,116.65,117.06,108.22,114.73,114.83,106.86,117.37
"2023. 05",110.37,115.45,115.23,118.52,103.65,108.65,100.00,111.51,111.82,109.88,109.82,103.85,117.66,117.73,136.42,112.88,120.53,110.59,103.10,116.03,112.95,121.00,101.71,98.58,105.25,99.06,109.77,105.55,115.98,104.47,101.00,109.99,98.87,101.51,107.27,100.13,104.22,109.00,108.18,106.63,116.14,104.87,82.80,99.39,107.01,117.02,117.35,109.93,114.22,114.60,104.26,117.37
"2023. 06",110.50,116.03,115.74,120.09,104.02,109.50,100.00,111.41,111.70,109.91,110.12,103.81,117.85,117.23,139.91,112.67,120.07,110.59,103.77,115.27,114.14,119.62,102.04,99.34,105.25,99.06,108.49,105.04,112.89,104.56,101.01,109.99,98.87,101.53,107.51,99.90,109.91,107.69,108.46,107.37,116.47,104.87,82.80,99.39,107.02,117.29,117.64,109.90,114.44,114.50,106.02,117.39
"2023. 07",110.63,117.13,116.86,120.94,104.04,109.54,100.00,111.53,111.85,109.91,109.28,103.80,118.16,116.50,133.29,112.98,123.04,110.27,102.26,117.15,114.13,120.27,102.14,99.55,105.28,99.07,108.88,106.04,112.37,105.45,101.01,109.99,98.87,101.53,108.11,97.96,106.04,108.41,109.09,107.34,120.93,105.01,82.80,99.39,107.19,117.92,117.80,118.45,114.78,114.73,107.58,117.37
"2023. 08",111.69,120.71,120.77,119.98,104.02,109.51,100.00,111.63,111.97,109.91,109.43,103.79,118.36,117.68,133.28,113.42,123.15,110.27,103.02,117.92,113.49,120.75,102.31,99.87,105.30,99.06,114.63,106.02,117.85,114.02,101.02,109.99,98.87,101.54,108.37,98.66,103.99,108.18,109.09,107.39,123.18,105.04,82.80,99.39,107.22,118.46,117.98,125.29,115.23,115.26,108.41,117.49
"2023. 09",112.08,122.61,122.74,120.88,103.71,108.79,100.00,111.60,111.93,109.93,110.31,103.81,118.64,117.71,140.80,113.32,123.17,110.27,102.57,115.28,112.97,121.94,102.24,99.71,105.30,99.07,115.12,105.52,120.34,113.13,101.23,109.99,99.63,101.59,108.10,98.87,104.43,108.26,108.48,107.38,122.62,105.05,82.80,99.39,107.23,117.89,118.19,111.53,115.36,114.79,110.87,117.49
"2023. 10",112.51,123.66,123.82,121.39,104.04,109.54,100.00,112.28,112.73,109.93,110.61,103.85,118.64,119.87,140.83,113.80,123.48,110.27,103.05,116.72,111.65,122.68,102.31,99.87,105.30,99.07,117.13,108.08,121.73,115.41,101.24,109.99,99.63,101.61,108.22,99.45,103.25,107.73,108.32,107.62,124.54,105.05,82.80,99.39,107.24,118.00,118.27,112.11,115.36,115.21,109.42,117.51
"2023. 11",111.98,119.94,119.81,121.86,105.55,112.96,100.00,113.49,114.00,110.83,110.54,103.93,118.69,118.72,140.84,113.51,123.49,110.27,103.20,114.80,110.87,122.17,102.43,100.15,105.30,99.07,115.44,107.09,118.32,115.00,101.27,109.99,99.63,101.64,107.63,99.02,105.37,107.49,108.68,107.62,119.18,105.08,82.80,99.39,107.27,118.14,118.60,108.89,115.38,114.95,110.13,117.65
"2023. 12",112.25,121.60,121.63,121.22,105.46,112.76,100.00,113.54,114.00,111.13,110.69,103.94,118.70,119.93,140.82,114.09,123.49,110.27,103.61,117.05,114.56,122.36,102.46,100.30,105.23,99.07,113.99,106.47,114.80,115.09,101.28,109.99,99.63,101.65,107.88,99.07,106.82,107.87,108.99,107.62,118.96,105.09,82.80,99.39,107.28,118.73,118.81,116.18,115.73,115.62,110.13,117.65
"2024. 01",112.60,122.89,123.03,121.10,104.73,111.11,100.00,113.66,114.14,111.13,110.64,103.96,118.49,119.50,140.82,113.96,123.37,110.27,103.54,112.79,113.96,123.55,103.57,100.39,107.14,100.99,113.18,107.04,112.29,115.22,101.28,109.99,99.63,101.66,107.74,99.28,112.45,108.36,109.08,108.04,114.61,105.55,82.80,99.39,107.87,119.02,119.43,110.67,118.27,116.03,110.23,124.67
"2024. 02",113.07,124.39,124.65,120.95,104.79,111.25,100.00,113.65,114.13,111.13,110.84,104.05,118.61,120.53,140.80,114.03,124.51,110.27,103.56,109.84,113.94,124.04,103.70,100.65,107.18,100.99,114.44,109.01,114.48,115.29,101.28,109.99,99.63,101.66,109.00,99.65,115.06,110.07,109.26,108.10,119.50,105.76,82.80,99.39,108.13,119.22,119.64,110.53,118.29,116.36,110.23,124.18
"2024. 03",113.02,124.46,124.91,118.43,105.05,111.82,100.00,113.70,114.19,111.11,110.17,104.13,119.11,114.55,140.80,114.85,125.74,110.27,103.38,116.20,114.49,124.32,103.94,101.16,107.19,101.04,114.34,108.87,115.14,114.52,101.28,109.99,99.63,101.66,108.17,99.65,108.87,109.67,109.33,107.96,116.22,106.26,80.31,99.72,108.78,119.60,120.06,110.55,118.56,116.72,110.19,124.45
"2024. 04",113.37,123.67,123.97,119.60,105.29,112.39,100.00,113.63,114.19,110.68,110.97,104.18,119.00,120.74,140.83,114.96,125.74,110.27,104.00,115.27,115.32,124.05,103.97,101.28,107.15,101.04,115.12,109.33,116.68,114.75,101.28,109.99,99.63,101.66,108.93,99.31,109.05,110.02,109.60,108.15,120.49,106.67,80.31,99.72,109.30,120.18,120.58,111.89,119.01,116.60,110.36,125.96
"2024. 05",113.42,122.67,122.84,120.50,105.12,112.00,100.00,114.29,114.99,110.64,110.89,104.28,118.34,119.68,140.82,114.81,125.63,110.59,103.50,116.64,115.06,123.73,104.16,101.71,107.15,101.04,115.78,109.23,118.35,114.82,101.36,109.99,99.63,101.76,109.29,99.50,109.41,109.96,109.82,108.56,121.91,106.84,80.31,99.72,109.50,120.55,120.87,113.79,119.15,116.79,110.61,125.96
"2024. 06",113.17,120.92,121.10,118.66,105.17,112.10,100.00,114.29,114.99,110.64,111.00,104.33,116.66,120.61,140.80,114.69,125.64,110.59,102.01,116.15,113.72,125.77,104.04,101.44,107.16,101.04,114.52,109.18,114.94,114.97,101.37,109.99,99.63,101.76,109.21,99.51,110.03,110.41,110.18,109.58,118.88,106.86,80.31,99.72,109.54,120.75,121.04,114.23,119.67,117.58,110.89,126.14
"2024. 07",113.46,122.31,122.35,121.89,105.35,112.49,100.00,114.38,115.02,111.06,110.18,104.37,116.66,119.65,134.35,115.46,125.90,110.59,103.88,117.27,115.59,125.19,104.09,101.46,107.22,101.04,116.09,108.54,118.83,115.43,101.36,109.99,99.63,101.76,110.07,99.62,109.13,110.82,110.83,109.57,122.74,107.09,80.31,99.72,109.83,121.26,121.09,122.87,119.81,117.86,110.94,126.09
"2024. 08",113.94,124.12,124.28,122.02,105.17,112.12,100.00,114.46,115.02,111.48,111.03,104.51,116.75,121.94,138.52,115.42,125.91,110.59,103.51,118.44,115.93,125.12,104.16,101.55,107.29,101.04,116.50,108.47,118.66,116.57,101.37,109.99,99.63,101.76,109.99,98.25,109.24,110.09,110.83,109.68,124.18,107.32,80.31,99.72,110.12,121.51,121.05,128.13,119.24,116.72,111.13,126.09
"2024. 09",113.92,124.98,125.23,121.67,104.91,111.53,100.00,114.46,115.02,111.48,111.88,104.56,116.95,121.50,145.98,115.06,128.25,110.59,102.50,112.91,114.58,125.69,104.38,101.99,107.36,101.04,114.43,108.55,114.92,115.08,101.36,109.99,99.63,101.76,109.44,97.72,109.23,110.58,110.37,109.56,121.43,107.61,80.31,99.70,110.50,120.55,120.74,115.95,118.97,116.22,111.03,126.09
"2024. 10",114.04,124.29,124.34,123.65,105.33,112.46,100.00,114.81,115.44,111.50,112.24,104.71,117.05,123.53,146.01,115.85,126.20,110.59,103.22,120.93,114.47,126.41,104.32,101.74,107.45,101.04,113.30,107.77,112.89,114.63,101.37,109.99,99.63,101.76,109.16,96.76,108.72,110.01,111.13,109.81,118.81,107.80,80.31,99.70,110.73,121.25,121.43,116.66,120.11,118.41,111.05,126.09
"2024. 11",113.73,121.12,120.90,124.30,105.55,112.96,100.00,115.55,116.32,111.50,112.23,104.82,117.26,122.74,146.00,115.30,126.27,110.59,102.42,115.47,115.85,126.90,104.44,102.04,107.45,101.04,113.87,109.15,114.23,114.14,101.36,109.99,99.63,101.76,108.44,96.74,108.77,110.69,111.09,110.71,112.26,107.82,80.31,99.70,110.76,121.58,121.92,114.51,120.18,118.54,111.02,126.10
"2024. 12",114.24,123.93,123.71,127.05,105.17,112.12,100.00,115.56,116.32,111.50,112.35,104.88,117.26,123.33,146.01,116.17,128.14,110.59,103.21,120.22,115.78,126.28,104.47,102.10,107.45,101.04,114.35,108.03,115.34,114.74,101.39,109.99,99.63,101.79,108.91,97.80,110.51,109.96,111.00,110.45,115.67,107.91,80.31,99.70,110.86,122.09,122.33,116.59,119.56,117.52,110.46,126.12
